First,Last,Gender
Bob,Smith,Male
James,Jackson,Male
Aaron,Johnson,Male
Mike,Bixby,Male
Joe,Laster,Male
John,Laxit,Male
Jimmi,Connoway,Male
Jacob,Jones,Male
Brad,Swanson,Male
Cody,Mahone,Male
Andy,Nemin,Male
Micah,Pope,Male
Robert,Pruger,Male
Jonothan,Davidson,Male
Joseph,Copperfield,Male
Kyle,White,Male
George,Black,Male
Steven,Shanty,Male
Connor,Booker,Male
Anthony,Dayton,Male
Tony,Scooter,Male
David,Dancer,Male
Cindy,Hightop,Female
Stephanie,Jester,Female
Kimberly,Anver,Female
Kim,Ward,Female
Sherri,Zerda,Female
Kelly,Pratt,Female
Sandy,Poet,Female
Amy,Rider,Female
Celia,Bunder,Female
Sarah,Fern,Female
Bella,Gordy,Female
Brandy,Tinder,Female
Candice,Munster,Female
Denise,Rustler,Female
Diane,Hoosier,Female
Dianna,Umpire,Female
Cooper,Gratis,Male
Amanda,Quen,Female
